{
	"0":{
		"pokemon_name":"Bulbasaur",
		"pokedex_number":1,
		"catch_rate":45
	},
	"1":{
		"pokemon_name":"Ivysaur",
		"pokedex_number":2,
		"catch_rate":45
	},
	"2":{
		"pokemon_name":"Venusaur",
		"pokedex_number":3,
		"catch_rate":45
	},
	"3":{
		"pokemon_name":"Charmander",
		"pokedex_number":4,
		"catch_rate":45
	},
	"4":{
		"pokemon_name":"Charmeleon",
		"pokedex_number":5,
		"catch_rate":45
	},
	"5":{
		"pokemon_name":"Charizard",
		"pokedex_number":6,
		"catch_rate":45
	},
	"6":{
		"pokemon_name":"Squirtle",
		"pokedex_number":7,
		"catch_rate":45
	},
	"7":{
		"pokemon_name":"Wartortle",
		"pokedex_number":8,
		"catch_rate":45
	},
	"8":{
		"pokemon_name":"Blastoise",
		"pokedex_number":9,
		"catch_rate":45
	},
	"9":{
		"pokemon_name":"Caterpie",
		"pokedex_number":10,
		"catch_rate":204
	},
	"10":{
		"pokemon_name":"Metapod",
		"pokedex_number":11,
		"catch_rate":120
	},
	"11":{
		"pokemon_name":"Butterfree",
		"pokedex_number":12,
		"catch_rate":45
	},
	"12":{
		"pokemon_name":"Weedle",
		"pokedex_number":13,
		"catch_rate":204
	},
	"13":{
		"pokemon_name":"Kakuna",
		"pokedex_number":14,
		"catch_rate":120
	},
	"14":{
		"pokemon_name":"Beedrill",
		"pokedex_number":15,
		"catch_rate":45
	},
	"15":{
		"pokemon_name":"Pidgey",
		"pokedex_number":16,
		"catch_rate":204
	},
	"16":{
		"pokemon_name":"Pidgeotto",
		"pokedex_number":17,
		"catch_rate":120
	},
	"17":{
		"pokemon_name":"Pidgeot",
		"pokedex_number":18,
		"catch_rate":45
	},
	"18":{
		"pokemon_name":"Rattata",
		"pokedex_number":19,
		"catch_rate":204
	},
	"19":{
		"pokemon_name":"Raticate",
		"pokedex_number":20,
		"catch_rate":127
	},
	"20":{
		"pokemon_name":"Spearow",
		"pokedex_number":21,
		"catch_rate":204
	},
	"21":{
		"pokemon_name":"Fearow",
		"pokedex_number":22,
		"catch_rate":90
	},
	"22":{
		"pokemon_name":"Ekans",
		"pokedex_number":23,
		"catch_rate":204
	},
	"23":{
		"pokemon_name":"Arbok",
		"pokedex_number":24,
		"catch_rate":90
	},
	"24":{
		"pokemon_name":"Pikachu",
		"pokedex_number":25,
		"catch_rate":190
	},
	"25":{
		"pokemon_name":"Raichu",
		"pokedex_number":26,
		"catch_rate":75
	},
	"26":{
		"pokemon_name":"Sandshrew",
		"pokedex_number":27,
		"catch_rate":204
	},
	"27":{
		"pokemon_name":"Sandslash",
		"pokedex_number":28,
		"catch_rate":90
	},
	"28":{
		"pokemon_name":"Nidoran♀",
		"pokedex_number":29,
		"catch_rate":191
	},
	"29":{
		"pokemon_name":"Nidorina",
		"pokedex_number":30,
		"catch_rate":120
	},
	"30":{
		"pokemon_name":"Nidoqueen",
		"pokedex_number":31,
		"catch_rate":45
	},
	"31":{
		"pokemon_name":"Nidoran♂",
		"pokedex_number":32,
		"catch_rate":191
	},
	"32":{
		"pokemon_name":"Nidorino",
		"pokedex_number":33,
		"catch_rate":120
	},
	"33":{
		"pokemon_name":"Nidoking",
		"pokedex_number":34,
		"catch_rate":45
	},
	"34":{
		"pokemon_name":"Clefairy",
		"pokedex_number":35,
		"catch_rate":150
	},
	"35":{
		"pokemon_name":"Clefable",
		"pokedex_number":36,
		"catch_rate":25
	},
	"36":{
		"pokemon_name":"Vulpix",
		"pokedex_number":37,
		"catch_rate":190
	},
	"37":{
		"pokemon_name":"Ninetales",
		"pokedex_number":38,
		"catch_rate":75
	},
	"38":{
		"pokemon_name":"Jigglypuff",
		"pokedex_number":39,
		"catch_rate":170
	},
	"39":{
		"pokemon_name":"Wigglytuff",
		"pokedex_number":40,
		"catch_rate":50
	},
	"40":{
		"pokemon_name":"Zubat",
		"pokedex_number":41,
		"catch_rate":204
	},
	"41":{
		"pokemon_name":"Golbat",
		"pokedex_number":42,
		"catch_rate":90
	},
	"42":{
		"pokemon_name":"Oddish",
		"pokedex_number":43,
		"catch_rate":204
	},
	"43":{
		"pokemon_name":"Gloom",
		"pokedex_number":44,
		"catch_rate":120
	},
	"44":{
		"pokemon_name":"Vileplume",
		"pokedex_number":45,
		"catch_rate":45
	},
	"45":{
		"pokemon_name":"Paras",
		"pokedex_number":46,
		"catch_rate":190
	},
	"46":{
		"pokemon_name":"Parasect",
		"pokedex_number":47,
		"catch_rate":75
	},
	"47":{
		"pokemon_name":"Venonat",
		"pokedex_number":48,
		"catch_rate":190
	},
	"48":{
		"pokemon_name":"Venomoth",
		"pokedex_number":49,
		"catch_rate":75
	},
	"49":{
		"pokemon_name":"Diglett",
		"pokedex_number":50,
		"catch_rate":204
	},
	"50":{
		"pokemon_name":"Dugtrio",
		"pokedex_number":51,
		"catch_rate":50
	},
	"51":{
		"pokemon_name":"Meowth",
		"pokedex_number":52,
		"catch_rate":204
	},
	"52":{
		"pokemon_name":"Persian",
		"pokedex_number":53,
		"catch_rate":90
	},
	"53":{
		"pokemon_name":"Psyduck",
		"pokedex_number":54,
		"catch_rate":190
	},
	"54":{
		"pokemon_name":"Golduck",
		"pokedex_number":55,
		"catch_rate":75
	},
	"55":{
		"pokemon_name":"Mankey",
		"pokedex_number":56,
		"catch_rate":190
	},
	"56":{
		"pokemon_name":"Primeape",
		"pokedex_number":57,
		"catch_rate":75
	},
	"57":{
		"pokemon_name":"Growlithe",
		"pokedex_number":58,
		"catch_rate":190
	},
	"58":{
		"pokemon_name":"Arcanine",
		"pokedex_number":59,
		"catch_rate":75
	},
	"59":{
		"pokemon_name":"Poliwag",
		"pokedex_number":60,
		"catch_rate":204
	},
	"60":{
		"pokemon_name":"Poliwhirl",
		"pokedex_number":61,
		"catch_rate":120
	},
	"61":{
		"pokemon_name":"Poliwrath",
		"pokedex_number":62,
		"catch_rate":45
	},
	"62":{
		"pokemon_name":"Abra",
		"pokedex_number":63,
		"catch_rate":191
	},
	"63":{
		"pokemon_name":"Kadabra",
		"pokedex_number":64,
		"catch_rate":100
	},
	"64":{
		"pokemon_name":"Alakazam",
		"pokedex_number":65,
		"catch_rate":50
	},
	"65":{
		"pokemon_name":"Machop",
		"pokedex_number":66,
		"catch_rate":180
	},
	"66":{
		"pokemon_name":"Machoke",
		"pokedex_number":67,
		"catch_rate":90
	},
	"67":{
		"pokemon_name":"Machamp",
		"pokedex_number":68,
		"catch_rate":45
	},
	"68":{
		"pokemon_name":"Bellsprout",
		"pokedex_number":69,
		"catch_rate":204
	},
	"69":{
		"pokemon_name":"Weepinbell",
		"pokedex_number":70,
		"catch_rate":120
	},
	"70":{
		"pokemon_name":"Victreebel",
		"pokedex_number":71,
		"catch_rate":45
	},
	"71":{
		"pokemon_name":"Tentacool",
		"pokedex_number":72,
		"catch_rate":190
	},
	"72":{
		"pokemon_name":"Tentacruel",
		"pokedex_number":73,
		"catch_rate":60
	},
	"73":{
		"pokemon_name":"Geodude",
		"pokedex_number":74,
		"catch_rate":204
	},
	"74":{
		"pokemon_name":"Graveler",
		"pokedex_number":75,
		"catch_rate":120
	},
	"75":{
		"pokemon_name":"Golem",
		"pokedex_number":76,
		"catch_rate":45
	},
	"76":{
		"pokemon_name":"Ponyta",
		"pokedex_number":77,
		"catch_rate":190
	},
	"77":{
		"pokemon_name":"Rapidash",
		"pokedex_number":78,
		"catch_rate":60
	},
	"78":{
		"pokemon_name":"Slowpoke",
		"pokedex_number":79,
		"catch_rate":190
	},
	"79":{
		"pokemon_name":"Slowbro",
		"pokedex_number":80,
		"catch_rate":75
	},
	"80":{
		"pokemon_name":"Magnemite",
		"pokedex_number":81,
		"catch_rate":190
	},
	"81":{
		"pokemon_name":"Magneton",
		"pokedex_number":82,
		"catch_rate":60
	},
	"82":{
		"pokemon_name":"Farfetch'd",
		"pokedex_number":83,
		"catch_rate":45
	},
	"83":{
		"pokemon_name":"Doduo",
		"pokedex_number":84,
		"catch_rate":190
	},
	"84":{
		"pokemon_name":"Dodrio",
		"pokedex_number":85,
		"catch_rate":45
	},
	"85":{
		"pokemon_name":"Seel",
		"pokedex_number":86,
		"catch_rate":190
	},
	"86":{
		"pokemon_name":"Dewgong",
		"pokedex_number":87,
		"catch_rate":75
	},
	"87":{
		"pokemon_name":"Grimer",
		"pokedex_number":88,
		"catch_rate":190
	},
	"88":{
		"pokemon_name":"Muk",
		"pokedex_number":89,
		"catch_rate":75
	},
	"89":{
		"pokemon_name":"Shellder",
		"pokedex_number":90,
		"catch_rate":190
	},
	"90":{
		"pokemon_name":"Cloyster",
		"pokedex_number":91,
		"catch_rate":60
	},
	"91":{
		"pokemon_name":"Gastly",
		"pokedex_number":92,
		"catch_rate":190
	},
	"92":{
		"pokemon_name":"Haunter",
		"pokedex_number":93,
		"catch_rate":90
	},
	"93":{
		"pokemon_name":"Gengar",
		"pokedex_number":94,
		"catch_rate":45
	},
	"94":{
		"pokemon_name":"Onix",
		"pokedex_number":95,
		"catch_rate":45
	},
	"95":{
		"pokemon_name":"Drowzee",
		"pokedex_number":96,
		"catch_rate":190
	},
	"96":{
		"pokemon_name":"Hypno",
		"pokedex_number":97,
		"catch_rate":75
	},
	"97":{
		"pokemon_name":"Krabby",
		"pokedex_number":98,
		"catch_rate":204
	},
	"98":{
		"pokemon_name":"Kingler",
		"pokedex_number":99,
		"catch_rate":60
	},
	"99":{
		"pokemon_name":"Voltorb",
		"pokedex_number":100,
		"catch_rate":190
	},
	"100":{
		"pokemon_name":"Electrode",
		"pokedex_number":101,
		"catch_rate":60
	},
	"101":{
		"pokemon_name":"Exeggcute",
		"pokedex_number":102,
		"catch_rate":90
	},
	"102":{
		"pokemon_name":"Exeggutor",
		"pokedex_number":103,
		"catch_rate":45
	},
	"103":{
		"pokemon_name":"Cubone",
		"pokedex_number":104,
		"catch_rate":190
	},
	"104":{
		"pokemon_name":"Marowak",
		"pokedex_number":105,
		"catch_rate":75
	},
	"105":{
		"pokemon_name":"Hitmonlee",
		"pokedex_number":106,
		"catch_rate":45
	},
	"106":{
		"pokemon_name":"Hitmonchan",
		"pokedex_number":107,
		"catch_rate":45
	},
	"107":{
		"pokemon_name":"Lickitung",
		"pokedex_number":108,
		"catch_rate":45
	},
	"108":{
		"pokemon_name":"Koffing",
		"pokedex_number":109,
		"catch_rate":190
	},
	"109":{
		"pokemon_name":"Weezing",
		"pokedex_number":110,
		"catch_rate":60
	},
	"110":{
		"pokemon_name":"Rhyhorn",
		"pokedex_number":111,
		"catch_rate":120
	},
	"111":{
		"pokemon_name":"Rhydon",
		"pokedex_number":112,
		"catch_rate":60
	},
	"112":{
		"pokemon_name":"Chansey",
		"pokedex_number":113,
		"catch_rate":30
	},
	"113":{
		"pokemon_name":"Tangela",
		"pokedex_number":114,
		"catch_rate":45
	},
	"114":{
		"pokemon_name":"Kangaskhan",
		"pokedex_number":115,
		"catch_rate":45
	},
	"115":{
		"pokemon_name":"Horsea",
		"pokedex_number":116,
		"catch_rate":225
	},
	"116":{
		"pokemon_name":"Seadra",
		"pokedex_number":117,
		"catch_rate":75
	},
	"117":{
		"pokemon_name":"Goldeen",
		"pokedex_number":118,
		"catch_rate":225
	},
	"118":{
		"pokemon_name":"Seaking",
		"pokedex_number":119,
		"catch_rate":60
	},
	"119":{
		"pokemon_name":"Staryu",
		"pokedex_number":120,
		"catch_rate":225
	},
	"120":{
		"pokemon_name":"Starmie",
		"pokedex_number":121,
		"catch_rate":60
	},
	"121":{
		"pokemon_name":"Mr.Mime",
		"pokedex_number":122,
		"catch_rate":45
	},
	"122":{
		"pokemon_name":"Scyther",
		"pokedex_number":123,
		"catch_rate":45
	},
	"123":{
		"pokemon_name":"Jynx",
		"pokedex_number":124,
		"catch_rate":45
	},
	"124":{
		"pokemon_name":"Electabuzz",
		"pokedex_number":125,
		"catch_rate":45
	},
	"125":{
		"pokemon_name":"Magmar",
		"pokedex_number":126,
		"catch_rate":45
	},
	"126":{
		"pokemon_name":"Pinsir",
		"pokedex_number":127,
		"catch_rate":45
	},
	"127":{
		"pokemon_name":"Tauros",
		"pokedex_number":128,
		"catch_rate":45
	},
	"128":{
		"pokemon_name":"Magikarp",
		"pokedex_number":129,
		"catch_rate":204
	},
	"129":{
		"pokemon_name":"Gyarados",
		"pokedex_number":130,
		"catch_rate":45
	},
	"130":{
		"pokemon_name":"Lapras",
		"pokedex_number":131,
		"catch_rate":45
	},
	"131":{
		"pokemon_name":"Ditto",
		"pokedex_number":132,
		"catch_rate":35
	},
	"132":{
		"pokemon_name":"Eevee",
		"pokedex_number":133,
		"catch_rate":45
	},
	"133":{
		"pokemon_name":"Vaporeon",
		"pokedex_number":134,
		"catch_rate":45
	},
	"134":{
		"pokemon_name":"Jolteon",
		"pokedex_number":135,
		"catch_rate":45
	},
	"135":{
		"pokemon_name":"Flareon",
		"pokedex_number":136,
		"catch_rate":45
	},
	"136":{
		"pokemon_name":"Porygon",
		"pokedex_number":137,
		"catch_rate":45
	},
	"137":{
		"pokemon_name":"Omanyte",
		"pokedex_number":138,
		"catch_rate":45
	},
	"138":{
		"pokemon_name":"Omastar",
		"pokedex_number":139,
		"catch_rate":45
	},
	"139":{
		"pokemon_name":"Kabuto",
		"pokedex_number":140,
		"catch_rate":45
	},
	"140":{
		"pokemon_name":"Kabutops",
		"pokedex_number":141,
		"catch_rate":45
	},
	"141":{
		"pokemon_name":"Aerodactyl",
		"pokedex_number":142,
		"catch_rate":45
	},
	"142":{
		"pokemon_name":"Snorlax",
		"pokedex_number":143,
		"catch_rate":25
	},
	"143":{
		"pokemon_name":"Articuno",
		"pokedex_number":144,
		"catch_rate":15
	},
	"144":{
		"pokemon_name":"Zapdos",
		"pokedex_number":145,
		"catch_rate":15
	},
	"145":{
		"pokemon_name":"Moltres",
		"pokedex_number":146,
		"catch_rate":15
	},
	"146":{
		"pokemon_name":"Dratini",
		"pokedex_number":147,
		"catch_rate":45
	},
	"147":{
		"pokemon_name":"Dragonair",
		"pokedex_number":148,
		"catch_rate":45
	},
	"148":{
		"pokemon_name":"Dragonite",
		"pokedex_number":149,
		"catch_rate":45
	},
	"149":{
		"pokemon_name":"Mewtwo",
		"pokedex_number":150,
		"catch_rate":10
	},
	"150":{
		"pokemon_name":"Mew",
		"pokedex_number":151,
		"catch_rate":10
	}
}
